estimate,reserve_group,owner_group,forest_group,ref_unit,agerange
22048.8279447518,NR,FS,MC,San Joaquin,AGEID13
24807.4707280459,NR,PR,OS,North Interior,AGEID10
40215.8350942756,R,OF,MC,San Joaquin,AGEID15
10406.1332784918,R,OF,HW,San Joaquin,AGEID10
125541.630482153,NR,PR,HW,North Coast,AGEID7
12813.7200909824,R,OF,OS,San Joaquin,AGEID16
11078.2129049481,NR,FS,HW,San Joaquin,AGEID13
6295.99056572798,NR,PR,HW,North Interior,AGEID16
5963.45019969454,R,OF,HW,San Joaquin,AGEID15
50616.665368031,R,OF,MC,San Joaquin,AGEID10
21064.1584922855,R,FS,PP,San Joaquin,AGEID10
51538.729007266,R,OF,OS,San Joaquin,AGEID15
114312.066885512,NR,PR,MC,North Interior,AGEID10
4972.83226584452,NR,PR,HW,North Interior,AGEID15
19243.8423899442,NR,FS,OS,San Joaquin,AGEID13
29271.7734003241,R,OF,OS,San Joaquin,AGEID10
7442.52543902702,NR,PR,DF,Central Coast,AGEID13
13142.8566697148,R,OF,MC,San Joaquin,AGEID16
52858.0684108375,NR,PR,HW,North Interior,AGEID10
6202.9016442906,NR,PR,MC,North Interior,AGEID15
5856.62679697024,NR,FS,MC,Southern,AGEID9
28174.3049052783,NR,FS,MC,San Joaquin,AGEID7
11636.2523190541,R,FS,OS,San Joaquin,AGEID14
6900.02818639501,R,FS,HW,San Joaquin,AGEID1
5666.5577302798,NR,SLPub,HW,Central Coast,AGEID12
42733.1608797251,NR,FS,HW,Sacramento,NOAGE
5703.25695677516,R,FS,MC,San Joaquin,AGEID17
5514.48992014202,R,FS,HW,North Coast,AGEID19
42753.7056309309,NR,FS,MC,Sacramento,AGEID5
7810.09239298281,NR,PR,RW,North Coast,AGEID999
16735.1677452646,R,FS,OS,San Joaquin,AGEID9
5985.74185194651,NR,FS,HW,Southern,AGEID11
12196.1417709587,NR,FS,HW,Southern,AGEID8
8087.79098906996,NR,PR,HW,North Coast,AGEID13
6566.95842672346,NR,FS,MC,Sacramento,NOAGE
12984.7870783186,NR,FS,HW,Sacramento,AGEID5
3727.63735622327,R,OF,PP,San Joaquin,AGEID14
5039.62404377893,R,FS,PP,Southern,AGEID999
7908.11540328828,NR,FS,HW,San Joaquin,AGEID7
5703.25695677516,R,FS,DF,North Coast,AGEID18
43429.0813675926,NR,PR,PP,North Interior,AGEID1
6591.31695336712,NR,PR,OS,North Interior,AGEID4
17925.0693920395,R,FS,OS,San Joaquin,AGEID11
5903.28503000416,R,SLPub,PP,North Interior,AGEID13
9608.98815901747,R,FS,OS,San Joaquin,AGEID8
17295.0868363831,NR,PR,HW,North Interior,AGEID4
58707.9764165675,NR,PR,PP,North Interior,AGEID9
12816.05239366,R,FS,NS,Central Coast,AGEID0
18902.3118345986,NR,FS,OS,Sacramento,AGEID5
53528.5435814978,R,FS,MC,San Joaquin,AGEID9
7442.52543902702,R,SLPub,HW,North Coast,AGEID9
25163.7604862246,R,FS,OS,San Joaquin,AGEID17
15399.1491097597,NR,FS,OS,San Joaquin,AGEID7
10158.7642822189,R,FS,MC,San Joaquin,AGEID14
6632.99644509329,NR,FS,MC,Southern,AGEID17
32616.3941987674,NR,PR,DF,North Coast,AGEID3
15060.1243951514,R,FS,MC,San Joaquin,AGEID8
11069.8011791513,NR,OF,DF,North Coast,AGEID6
28770.7624231995,R,FS,MC,San Joaquin,AGEID11
1862.29242491487,R,SLPub,HW,North Coast,AGEID11
49140.440157168,NR,PR,MC,North Interior,AGEID4
6670.57956905032,R,FS,HW,San Joaquin,AGEID14
6933.67577502025,NR,PR,DF,Central Coast,AGEID7
7442.52543902702,NR,PR,DF,North Coast,AGEID12
3447.08092626426,R,FS,OS,San Joaquin,AGEID1
2981.29607500684,R,FS,PP,San Joaquin,AGEID4
25580.6555790119,NR,PR,PP,North Interior,AGEID11
14106.1076228853,R,FS,HW,San Joaquin,AGEID9
19244.583140722,NR,FS,PP,San Joaquin,AGEID999
75110.9107958528,NR,PR,PP,North Interior,AGEID8
5622.94738777113,NR,FS,OS,Sacramento,NOAGE
6670.57956905032,R,FS,HW,Southern,AGEID7
7651.65342966369,R,FS,HW,North Interior,AGEID2
12405.7350398622,R,SLPub,HW,Central Coast,AGEID8
3234.13381035289,NR,PR,PP,San Joaquin,AGEID6
29343.2436637484,NR,PR,OS,North Interior,AGEID5
2154.82712150479,NR,FS,OS,San Joaquin,AGEID3
1426.7929943602,NR,OF,PP,San Joaquin,AGEID12
28189.604537858,NR,PR,DF,North Coast,AGEID7
42255.9325622321,NR,FS,PP,Sacramento,AGEID9
8040.33287285801,R,OF,MC,San Joaquin,NOAGE
6247.82808457506,R,FS,HW,Sacramento,AGEID999
24144.6882819876,NR,FS,HW,Sacramento,AGEID4
1018.1746890161,NR,FS,PP,Sacramento,AGEID14
1866.32312203983,NR,FS,PP,North Interior,AGEID18
25315.648265972,NR,FS,PP,Sacramento,AGEID8
5286.82305602263,R,FS,MC,North Interior,AGEID2
27623.9007175639,NR,FS,PP,Sacramento,AGEID11
5974.74905094408,R,OF,MC,Sacramento,AGEID7
2255.05235113518,NR,OF,HW,Sacramento,AGEID1
26997.3316159327,NR,FS,MC,Sacramento,AGEID4
2307.46123946452,NR,PR,PP,San Joaquin,AGEID2
24544.6462078079,NR,FS,OS,San Joaquin,AGEID12
16732.2367970592,R,FS,MC,Sacramento,AGEID999
6030.24965464351,R,OF,HW,San Joaquin,NOAGE
1353.95320153842,R,FS,PP,Sacramento,AGEID7
12215.3661926258,R,FS,OS,North Interior,AGEID6
396.765771148719,NR,PR,HW,Central Coast,AGEID13
6086.8996969841,NR,OF,PP,Sacramento,AGEID4
1490.86254992363,NR,OF,HW,Sacramento,AGEID14
11925.1843000274,R,FS,PP,San Joaquin,AGEID5
10736.5236296952,NR,FS,HW,San Joaquin,AGEID12
7005.03398425848,NR,FS,MC,San Joaquin,AGEID3
14100.049440244,NR,PR,HW,North Interior,NOAGE
86659.5643746625,NR,PR,MC,North Interior,AGEID5
5963.45019969454,NR,OF,MC,Sacramento,AGEID8
53362.1259462256,NR,FS,MC,San Joaquin,AGEID12
19064.1806847175,R,FS,OS,Sacramento,AGEID999
4410.42275135469,NR,FS,HW,San Joaquin,AGEID3
20243.9262930735,NR,PR,RW,Central Coast,AGEID999
4931.94757970135,NR,FS,OS,Sacramento,AGEID4
6284.11984831042,NR,OF,HW,Sacramento,AGEID11
8087.79098906996,NR,OF,HW,North Interior,AGEID18
6457.13507089984,NR,PR,MC,North Interior,NOAGE
62444.3007137644,NR,PR,HW,North Interior,AGEID5
152924.023267174,NR,FS,MC,Sacramento,AGEID10
30188.3855539765,NR,FS,OS,Sacramento,AGEID16
5569.94128243912,R,FS,HW,North Coast,AGEID18
7402.70097693363,R,SLPub,MC,San Joaquin,AGEID18
13738.516004755,NR,PR,OS,North Coast,AGEID3
10428.9749834692,NR,FS,HW,Sacramento,AGEID10
51217.7322729385,NR,FS,MC,Sacramento,AGEID15
913.838663909629,NR,PR,OS,North Coast,AGEID12
10629.5321435734,NR,PR,OS,Central Coast,AGEID7
88924.3418478247,NR,FS,MC,Sacramento,AGEID16
27801.3778211233,NR,PR,HW,Central Coast,AGEID7
6636.82527027743,NR,OF,NS,North Interior,AGEID0
55534.5942399613,NR,FS,OS,Sacramento,AGEID10
2104.60860242011,NR,SLPub,HW,Central Coast,AGEID13
105771.28179114,NR,PR,HW,North Coast,AGEID3
10124.2555407684,NR,FS,HW,Sacramento,AGEID16
17734.3177759596,NR,FS,OS,Sacramento,AGEID15
1155.11090864653,NR,OF,PP,Sacramento,AGEID10
6632.99644509329,R,FS,OS,North Coast,AGEID13
4651.28692920522,NR,OF,HW,North Coast,AGEID16
14674.9553108164,NR,PR,MC,San Joaquin,AGEID9
14412.1810888747,NR,PR,MC,San Joaquin,AGEID14
16050.7920266175,NR,FS,HW,Sacramento,AGEID2
62126.7164897412,NR,FS,MC,Sacramento,AGEID6
13212.4283056764,NR,OF,HW,North Interior,AGEID7
4583.50782348522,NR,PR,HW,San Joaquin,AGEID11
56484.7113066686,NR,FS,HW,North Interior,AGEID999
4190.44634550039,R,FS,PP,North Interior,AGEID9
12257.5989298496,NR,PR,HW,San Joaquin,AGEID8
5116.15751076142,R,FS,PP,North Interior,AGEID11
17220.8210679259,NR,PR,PP,San Joaquin,AGEID4
21598.6001694126,NR,FS,MC,Sacramento,AGEID2
1190.38529122333,R,FS,PP,North Interior,AGEID8
33990.8617483301,NR,PR,HW,San Joaquin,AGEID9
351013.456041198,NR,FS,MC,North Interior,AGEID999
57961.0508166797,NR,PR,MC,San Joaquin,AGEID8
4621.76491898609,R,OF,OS,North Interior,AGEID9
12259.4407654225,NR,OF,MC,North Interior,AGEID7
23918.9782130726,NR,FS,HW,Sacramento,AGEID6
2727.42311307336,NR,PR,MC,San Joaquin,AGEID11
7437.62348910321,NR,FS,HW,San Joaquin,AGEID20
16362.1391724586,NR,FS,OS,Sacramento,AGEID6
26585.7301591941,NR,FS,PP,North Interior,AGEID7
32381.1826284946,NR,OF,HW,North Coast,AGEID10
5655.56931640764,NR,PR,HW,San Joaquin,AGEID1
7565.2264633598,NR,PR,OS,San Joaquin,AGEID9
11021.9155874059,NR,PR,PP,Sacramento,AGEID3
5962.59215001368,R,FS,MC,North Coast,AGEID13
5053.56270814657,NR,PR,OS,San Joaquin,AGEID11
5416.50054026557,NR,OF,HW,North Coast,AGEID15
10518.9404307152,R,FS,OS,North Interior,AGEID4
4870.58798298814,NR,OF,PP,Sacramento,AGEID6
26039.8685065679,R,OF,MC,North Interior,AGEID9
29799.6502149691,NR,FS,OS,North Interior,AGEID999
5587.26179400052,NR,FS,MC,San Joaquin,AGEID20
7761.65046488265,R,OF,HW,North Interior,AGEID8
5724.13063779273,R,FS,HW,North Coast,AGEID13
20246.9083119366,NR,PR,MC,San Joaquin,AGEID1
13094.6758622453,NR,PR,DF,North Coast,AGEID18
8750.43643209789,R,OF,HW,North Interior,AGEID11
5985.74185194651,R,FS,OS,North Coast,AGEID7
7899.51727166465,R,FS,HW,North Interior,AGEID15
2246.67467815683,NR,OF,HW,Central Coast,NOAGE
23123.8478815489,R,FS,MC,North Interior,AGEID10
18189.4004553024,NR,FS,HW,North Coast,AGEID8
13127.1007796527,NR,PR,PP,San Joaquin,AGEID10
22688.4617408942,NR,FS,HW,North Coast,AGEID9
15216.7813328809,NR,FS,OS,San Joaquin,AGEID19
29977.7568106533,R,FS,MC,North Interior,AGEID15
5856.62679697024,NR,FS,OS,North Coast,AGEID1
14694.0012847202,R,FS,HW,North Interior,AGEID10
5724.13063779273,NR,FS,MC,North Coast,AGEID8
3053.59081131892,NR,PR,OS,North Coast,AGEID20
3452.51893560523,R,OF,NS,Sacramento,AGEID0
20444.0263646515,R,FS,MC,North Interior,AGEID16
13995.7249903155,NR,FS,PP,North Interior,AGEID13
6632.99644509329,NR,FS,OS,North Coast,AGEID9
8124.75949950013,R,FS,OS,North Interior,AGEID10
1878.21652725431,NR,FS,HW,North Coast,AGEID1
44.9843622089404,R,FS,MC,North Coast,AGEID7
11217.7468769172,R,FS,HW,North Interior,AGEID16
4190.44634550039,NR,FS,OS,North Coast,AGEID8
11132.048417576,NR,FS,OS,North Coast,AGEID11
2868.87759326623,R,SLPub,MC,Southern,AGEID9
7122.5578788274,R,FS,OS,North Interior,AGEID15
4520.00264697262,R,OF,PP,North Interior,AGEID10
12944.8671325525,NR,FS,MC,San Joaquin,AGEID19
1767.76499329175,R,SLPub,RW,North Coast,AGEID6
3225.4110464411,NR,PR,PP,Sacramento,AGEID13
8630.29540099252,NR,SLPub,OS,Southern,AGEID12
7453.24018751711,NR,FS,DF,North Interior,AGEID999
7382.37974906605,R,FS,HW,North Coast,AGEID3
5514.48992014202,R,FS,DF,North Coast,AGEID13
4713.15405166308,NR,FS,HW,Central Coast,AGEID9
3583.616082985,NR,OF,HW,North Coast,AGEID5
10259.315711069,NR,PR,HW,North Coast,AGEID18
11069.8011791513,NR,OF,HW,North Coast,NOAGE
51673.1279055761,NR,FS,NS,San Joaquin,AGEID0
52365.1027973121,NR,FS,PP,North Interior,AGEID3
6066.38834848718,NR,OF,OS,North Interior,AGEID12
15048.4305713847,R,FS,HW,North Interior,NOAGE
21684.9675700128,NR,PR,OS,North Interior,AGEID6
13719.0991977925,NR,PR,PP,Sacramento,AGEID7
12160.5013061831,NR,FS,DF,North Coast,AGEID9
1733.41894375506,NR,PR,PP,San Joaquin,AGEID5
5962.59215001368,NR,FS,DF,North Coast,AGEID14
4618.47431543021,NR,PR,OS,North Interior,AGEID2
12516.9612600686,NR,FS,DF,North Coast,AGEID8
7468.02512720512,NR,FS,PP,North Interior,AGEID12
38734.0588270462,NR,FS,OS,San Joaquin,AGEID18
12622.3365775697,NR,PR,OS,Sacramento,AGEID999
239.536035996083,R,OF,HW,San Joaquin,AGEID2
7456.26560016751,R,FS,MC,Southern,AGEID18
11456.425508241,R,FS,RW,Central Coast,AGEID999
5724.13063779273,NR,FS,HW,San Joaquin,AGEID18
6894.16185252853,R,FS,DF,North Coast,AGEID7
8725.2632195762,NR,PR,HW,Sacramento,AGEID999
7420.20848974217,NR,OF,DF,North Coast,AGEID4
170608.416755601,NR,PR,MC,North Interior,AGEID6
3390.60837248422,R,OF,OS,San Joaquin,AGEID2
1008.48425896139,R,FS,PP,San Joaquin,AGEID6
20336.7747405167,NR,PR,HW,North Interior,AGEID2
8040.33287285801,NR,OF,MC,North Interior,AGEID12
6651.466686305,R,FS,OS,North Interior,AGEID5
46787.6581695762,NR,PR,HW,North Interior,AGEID6
6907.97339853336,R,FS,OS,Southern,AGEID18
29102.582311775,NR,FS,MC,San Joaquin,AGEID18
11184.9648481367,R,FS,OS,North Interior,NOAGE
8644.40774079925,NR,OF,HW,North Interior,AGEID12
5903.28503000416,R,SLPub,MC,Sacramento,AGEID10
10544.9288266087,NR,PR,NS,North Coast,AGEID0
40426.8478206333,NR,PR,MC,North Interior,AGEID2
7402.70097693363,R,SLPub,HW,Sacramento,AGEID15
11559.8837537454,R,FS,DF,North Coast,AGEID15
7889.26237674666,R,FS,HW,North Coast,AGEID5
10738.7848051637,NR,FS,MC,Sacramento,AGEID19
4870.58798298814,R,SLPub,MC,Sacramento,AGEID7
11238.6205579348,R,FS,DF,North Coast,AGEID10
1667.96543272499,NR,SLPub,DF,Central Coast,AGEID6
12127.9464359569,R,OF,NS,San Joaquin,AGEID0
428.96041100529,R,SLPub,HW,Sacramento,AGEID7
4889.90917356198,NR,SLPub,MC,Sacramento,AGEID1
5652.93867130824,R,FS,HW,North Coast,NOAGE
100783.634391003,NR,PR,NS,North Interior,AGEID0
9226.79782779413,NR,FS,HW,Central Coast,AGEID999
11190.1888875555,NR,PR,MC,North Coast,AGEID2
14759.011504693,NR,FS,OS,Sacramento,AGEID19
5539.31357666368,NR,OF,HW,North Coast,AGEID12
6755.3355481179,R,FS,PP,Central Coast,AGEID14
1513.03492619871,NR,SLPub,MC,Sacramento,AGEID9
4498.30319286317,NR,SLPub,HW,Sacramento,AGEID8
218213.40224934,NR,PR,HW,North Coast,AGEID6
3024.35403917866,NR,OF,HW,North Coast,AGEID3
13059.0434010997,R,FS,OS,North Coast,AGEID5
58796.9922476576,NR,PR,HW,North Coast,AGEID2
31759.7476488881,NR,PR,PP,Sacramento,AGEID10
1627.3603335416,R,FS,PP,Central Coast,AGEID11
28963.4429161554,R,FS,MC,North Interior,AGEID12
7501.87845301672,NR,OF,OS,North Interior,AGEID5
37903.7281588425,NR,PR,OS,Sacramento,AGEID8
3782.65343460317,R,FS,HW,North Interior,AGEID3
8549.1890535714,NR,PR,OS,Sacramento,AGEID11
21215.9778728822,NR,PR,MC,Sacramento,AGEID1
46808.9829598529,NR,FS,DF,North Coast,AGEID999
5757.66786937876,NR,FS,OS,San Joaquin,AGEID2
10235.5205839255,R,OF,HW,San Joaquin,AGEID18
5877.95924988922,R,SLPub,MC,Sacramento,AGEID13
9822.28610431113,R,FS,DF,North Coast,AGEID4
4691.30009860956,NR,FS,OS,San Joaquin,AGEID6
1769.59981537358,R,FS,HW,North Interior,AGEID12
19466.8628656891,NR,FS,PP,North Interior,AGEID5
7454.31274961817,R,OF,RW,North Coast,AGEID5
20044.8882293983,R,OF,MC,San Joaquin,AGEID18
14773.9780457174,NR,PR,OS,Sacramento,AGEID9
17150.352997355,NR,PR,HW,Sacramento,AGEID1
63350.3196283819,NR,PR,HW,Sacramento,AGEID9
15084.2236152968,NR,PR,PP,Sacramento,AGEID4
2331.83720191465,NR,FS,MC,San Joaquin,AGEID2
1868.81813773968,NR,PR,OS,Sacramento,AGEID1
12768.1895432881,NR,FS,HW,San Joaquin,AGEID6
30048.1636981517,NR,PR,MC,Sacramento,AGEID11
113756.377814938,NR,PR,MC,Sacramento,AGEID8
5963.45019969454,NR,OF,MC,North Interior,AGEID5
5703.25695677516,R,FS,HW,Central Coast,AGEID15
30863.7524501518,NR,FS,HW,San Joaquin,AGEID2
14885.050878054,NR,PR,MC,Sacramento,AGEID14
8325.5598202617,NR,PR,HW,Southern,NOAGE
80698.6835757916,NR,PR,MC,Sacramento,AGEID9
23806.2157112167,R,OF,OS,San Joaquin,AGEID18
55594.4659095706,NR,PR,HW,Sacramento,AGEID8
5544.78662357544,R,FS,HW,Central Coast,AGEID10
6810.55601393485,NR,PR,HW,North Interior,AGEID18
6479.86081020009,NR,FS,MC,San Joaquin,AGEID6
6933.67577502025,NR,PR,HW,Sacramento,AGEID11
151300.722498173,NR,FS,MC,North Interior,AGEID8
18452.7988418455,NR,FS,MC,Sacramento,AGEID18
181095.718079429,NR,FS,MC,North Interior,AGEID11
55931.9522022612,NR,FS,PP,North Interior,AGEID4
31599.862737643,NR,FS,HW,North Interior,AGEID14
11951.0235439878,R,FS,HW,North Coast,AGEID10
7402.70097693363,R,SLPub,MC,San Joaquin,AGEID10
5703.25695677516,R,FS,PP,North Interior,AGEID999
15354.6253172345,NR,FS,HW,North Interior,AGEID9
58293.3143882633,NR,FS,HW,North Interior,AGEID11
12285.9351164015,R,FS,DF,North Coast,AGEID5
59409.6815413846,NR,FS,HW,North Interior,AGEID8
3583.51788215822,NR,FS,HW,Sacramento,AGEID18
149720.142290301,NR,FS,MC,North Interior,AGEID9
17371.2864839608,NR,FS,OS,North Interior,AGEID17
67077.4730289801,NR,FS,MC,North Interior,AGEID14
10112.8881711753,R,FS,HW,North Coast,AGEID15
4462.40578613182,R,FS,OS,North Interior,AGEID7
8938.20914583674,R,FS,MC,North Coast,AGEID10
719.481513643871,NR,OF,PP,North Interior,AGEID9
1795.59485512803,NR,OF,HW,North Interior,AGEID4
14596.2853369833,R,FS,HW,North Interior,AGEID7
936.536131596462,NR,FS,MC,North Interior,AGEID1
45969.1124132571,NR,FS,OS,North Interior,AGEID11
31035.6074041697,NR,PR,DF,North Coast,AGEID2
24711.3985077578,NR,FS,OS,Sacramento,AGEID18
57463.9888557396,NR,FS,OS,North Interior,AGEID8
25744.4789819382,NR,FS,OS,North Interior,AGEID14
13747.6785588563,NR,FS,HW,North Interior,AGEID1
17015.0018279611,R,FS,MC,North Interior,AGEID7
82418.4090869854,NR,PR,DF,North Coast,AGEID6
14637.7168762036,NR,FS,MC,North Interior,AGEID17
14144.3603625135,R,OF,MC,North Interior,AGEID999
71059.8573462286,NR,FS,OS,North Interior,AGEID9
299.152839883504,NR,OF,PP,North Interior,AGEID8
2531.78298109572,NR,PR,PP,Sacramento,AGEID5
15530.316428097,NR,PR,PP,San Joaquin,AGEID7
5107.91701045114,NR,PR,PP,Southern,AGEID9
3626.06711339366,NR,FS,PP,North Interior,AGEID15
13710.9816231578,NR,FS,MC,North Coast,AGEID999
248.8891661526,R,SLPub,PP,Southern,AGEID7
9282.50011136399,NR,PR,OS,North Interior,AGEID19
116942.594601042,NR,FS,NS,Sacramento,AGEID0
28646.0643640538,R,OF,MC,San Joaquin,AGEID19
11448.2612755855,NR,FS,HW,North Coast,AGEID999
5066.50166108842,R,FS,HW,North Coast,AGEID4
96007.8485551267,NR,FS,PP,North Interior,AGEID10
7442.52543902702,NR,OF,HW,North Coast,AGEID7
17386.7027541337,NR,PR,HW,Central Coast,AGEID6
6603.31111475291,R,FS,OS,North Interior,AGEID13
6281.27877002731,R,OF,HW,North Coast,AGEID8
5703.25695677516,R,FS,HW,North Interior,AGEID13
18768.5677731662,R,FS,HW,Central Coast,NOAGE
4115.1547378316,NR,OF,MC,North Interior,AGEID10
6308.78860622691,NR,FS,PP,North Interior,AGEID16
7434.29747715311,NR,PR,MC,Southern,AGEID10
32463.2578888891,R,FS,MC,North Interior,AGEID13
2578.20477507678,R,SLPub,MC,Southern,AGEID999
8926.59689164197,R,FS,HW,Central Coast,AGEID5
4973.20294786853,NR,PR,DF,Sacramento,AGEID14
22490.9326927355,R,OF,OS,San Joaquin,AGEID19
5790.74442300456,NR,SLPub,DF,North Coast,AGEID2
2234.65665028003,R,SLPub,MC,Sacramento,AGEID12
26961.918511452,NR,FS,PP,North Interior,AGEID2
17995.9135666711,R,FS,MC,North Interior,AGEID18
5726.94504548849,NR,PR,HW,Central Coast,AGEID15
6071.59023166999,NR,FS,OS,San Joaquin,NOAGE
717.219398316557,NR,PR,DF,Central Coast,AGEID5
2151.04472213048,R,OF,MC,San Joaquin,AGEID3
9115.73715710232,NR,PR,HW,Central Coast,AGEID10
38789.3308495243,NR,FS,PP,North Interior,AGEID6
1794.64103638184,NR,PR,RW,Central Coast,AGEID17
63779.5433566291,NR,FS,OS,Sacramento,AGEID7
11373.0856406259,R,OF,MC,San Joaquin,AGEID12
6859.48734223629,R,FS,MC,Sacramento,AGEID9
5581.71164404976,NR,FS,OS,San Joaquin,AGEID5
53744.5442843378,NR,FS,HW,Sacramento,AGEID7
6591.31695336712,NR,OF,MC,North Interior,AGEID6
130880.571637303,NR,PR,DF,North Coast,AGEID4
5192.30961721903,NR,FS,HW,San Joaquin,AGEID5
5544.78662357544,R,FS,OS,Sacramento,AGEID8
7442.52543902702,NR,PR,HW,North Interior,AGEID3
7442.52543902702,NR,PR,RW,Central Coast,AGEID11
42958.4872483788,NR,PR,MC,North Interior,AGEID12
15789.3644984777,R,FS,OS,North Interior,AGEID18
7442.52543902702,NR,PR,RW,Central Coast,AGEID8
10375.1629723246,R,FS,OS,Sacramento,AGEID11
8253.74725858655,R,FS,OS,Sacramento,AGEID9
17158.6625907765,NR,FS,HW,San Joaquin,NOAGE
13167.743664341,NR,PR,RW,Central Coast,AGEID9
86293.1528085364,NR,FS,MC,Sacramento,AGEID7
5867.29400600488,NR,OF,HW,North Interior,AGEID6
27090.1628555131,NR,PR,MC,North Interior,AGEID3
6295.99056572798,NR,PR,HW,North Interior,AGEID12
5962.59215001368,R,FS,HW,North Coast,AGEID6
6670.57956905032,R,FS,PP,Sacramento,AGEID15
30393.7638331095,R,FS,NS,North Interior,AGEID0
1102.14331510178,R,SLPub,HW,San Joaquin,AGEID6
1379.80147922903,NR,PR,DF,North Interior,AGEID7
27024.7859790216,NR,PR,OS,North Coast,AGEID5
40682.8821811313,NR,FS,OS,Sacramento,AGEID13
5856.62679697024,R,FS,HW,North Coast,AGEID2
8087.79098906996,NR,PR,DF,North Coast,AGEID16
29024.0726058668,NR,FS,HW,North Coast,AGEID4
21966.4809107767,NR,FS,HW,Sacramento,AGEID13
6936.38244195498,NR,PR,MC,North Coast,NOAGE
10235.5205839255,R,OF,OS,Sacramento,AGEID16
286917.446373043,NR,PR,HW,North Coast,AGEID5
6012.81127747707,NR,FS,OS,North Coast,AGEID4
4427.46377250312,NR,SLPub,RW,Central Coast,AGEID9
1547.48992997147,NR,FS,HW,Central Coast,NOAGE
4332.4726334482,NR,PR,OS,San Joaquin,AGEID15
51634.0571394983,NR,FS,HW,North Interior,AGEID13
7364.74206443655,R,SLPub,DF,North Coast,AGEID6
6867.96247513413,NR,PR,DF,North Coast,AGEID15
1860.63135975675,NR,SLPub,MC,North Interior,AGEID3
7402.70097693363,R,SLPub,DF,North Coast,AGEID999
107269.124344911,NR,FS,MC,Sacramento,AGEID13
146545.544568293,NR,PR,HW,North Coast,NOAGE
2781.95060219026,R,SLPub,OS,San Joaquin,AGEID999
6284.11984831042,R,OF,DF,Central Coast,AGEID13
97718.9121383658,NR,FS,MC,North Interior,AGEID13
5581.89407927026,NR,SLPub,MC,North Interior,AGEID12
17963.9160806204,NR,PR,DF,North Coast,AGEID10
1246.23145357526,NR,PR,OS,San Joaquin,AGEID10
26624.8123215859,R,OF,OS,San Joaquin,AGEID13
9660.39685533244,NR,FS,HW,San Joaquin,AGEID16
4219.33815866317,NR,PR,HW,Sacramento,AGEID13
8525.10848936206,NR,FS,HW,North Coast,AGEID5
5790.74442300456,R,SLPub,OS,Sacramento,AGEID9
24875.1286692596,NR,PR,HW,Central Coast,NOAGE
5932.34801486222,NR,FS,OS,San Joaquin,AGEID15
4204.01815383799,NR,FS,DF,North Coast,AGEID15
11150.610688773,NR,PR,HW,North Interior,AGEID13
10801.3129761647,R,FS,MC,North Interior,AGEID19
5232.06818126049,NR,PR,HW,Central Coast,AGEID5
68017.4090900899,NR,FS,MC,San Joaquin,AGEID16
4447.8707913098,NR,SLPub,HW,North Coast,AGEID16
16629.5230109506,NR,PR,MC,Sacramento,AGEID13
14774.3106097641,NR,SLPub,RW,North Coast,AGEID9
10867.5821587663,NR,FS,MC,North Coast,AGEID5
11852.5753227836,R,FS,PP,San Joaquin,AGEID13
49834.641484162,NR,PR,MC,North Interior,AGEID13
6894.16185252853,R,FS,HW,North Interior,AGEID19
12401.4885048818,NR,FS,DF,North Coast,AGEID10
5903.28503000416,R,SLPub,OS,Sacramento,AGEID8
43237.6258890249,NR,FS,OS,San Joaquin,AGEID10
265.602431352343,NR,PR,DF,Central Coast,AGEID15
5409.63544093136,NR,OF,NS,San Joaquin,AGEID0
8473.53421716348,R,FS,OS,North Interior,AGEID19
44686.4136895268,NR,FS,MC,San Joaquin,AGEID15
11043.5757351134,NR,FS,HW,San Joaquin,AGEID10
6247.82808457506,R,FS,HW,Central Coast,AGEID999
2608.66165475884,R,SLPub,MC,Sacramento,AGEID14
6933.67577502025,NR,PR,MC,North Coast,AGEID4
5299.68929593377,NR,SLPub,DF,North Coast,AGEID5
5328.23670359929,R,SLPub,MC,Sacramento,AGEID9
8040.33287285801,R,OF,MC,San Joaquin,AGEID13
1981.83354984284,NR,FS,HW,San Joaquin,AGEID15
41077.1848530494,NR,FS,MC,San Joaquin,AGEID10
1352.67608032753,NR,FS,OS,North Coast,AGEID5
7179.40647002029,R,OF,HW,North Coast,AGEID3
5552.02573270022,R,SLPub,MC,North Interior,AGEID8
11949.057612701,NR,FS,OS,San Joaquin,AGEID16
4472.58764977091,R,OF,HW,San Joaquin,AGEID13
5954.24452100367,NR,FS,DF,North Coast,AGEID16
156041.890896243,NR,PR,HW,North Coast,AGEID4
34968.5485296729,R,FS,DF,North Coast,AGEID999
5309.80529395983,NR,FS,MC,Southern,AGEID999
41734.6317501823,NR,PR,HW,Sacramento,AGEID7
6529.600242672,R,OF,OS,San Joaquin,AGEID7
7180.92774928755,NR,FS,MC,Central Coast,AGEID16
7049.09740803018,R,FS,PP,Central Coast,AGEID13
12768.1895432881,NR,FS,PP,San Joaquin,AGEID1
5037.38602067911,NR,FS,OS,San Joaquin,AGEID4
6977.36759908783,NR,PR,RW,North Coast,AGEID14
12823.1995077546,NR,FS,DF,North Coast,AGEID4
21169.3503112339,NR,PR,HW,San Joaquin,AGEID5
13566.0115837869,NR,FS,HW,Sacramento,AGEID3
241386.580986868,R,FS,OS,San Joaquin,AGEID999
66654.1708440924,NR,PR,RW,North Coast,AGEID9
104416.744952101,NR,FS,MC,Sacramento,AGEID12
13265.0258629805,NR,PR,HW,North Coast,AGEID16
41867.6933928881,NR,FS,HW,North Interior,AGEID3
2393.01132623024,R,FS,PP,North Interior,NOAGE
73377.2790751273,NR,FS,MC,North Interior,AGEID12
30051.0035666896,NR,PR,HW,North Interior,AGEID7
3401.66133522494,NR,PR,MC,San Joaquin,AGEID5
6212.76521085739,NR,OF,HW,San Joaquin,AGEID9
8466.52262375705,R,OF,PP,San Joaquin,AGEID999
21316.1077715155,NR,FS,MC,Sacramento,AGEID3
3735.5699317401,NR,FS,HW,Southern,AGEID2
18699.4682785129,NR,PR,HW,San Joaquin,NOAGE
3885.74864103255,NR,FS,HW,Southern,AGEID999
100512.564468432,NR,PR,MC,Sacramento,AGEID7
1086.20444552077,NR,SLPub,HW,Central Coast,NOAGE
5652.93867130824,R,FS,PP,San Joaquin,AGEID7
144412.416660595,NR,PR,MC,North Interior,AGEID7
26967.7566784944,NR,PR,RW,North Coast,AGEID11
6195.1763688016,NR,PR,OS,North Coast,AGEID10
23437.3034759887,NR,FS,MC,North Interior,AGEID3
23383.4040324372,NR,FS,HW,North Interior,AGEID12
61079.346400045,NR,PR,RW,North Coast,AGEID8
5962.59215001368,R,FS,PP,North Interior,AGEID5
21144.9701778692,NR,PR,PP,North Interior,AGEID2
37871.854751566,NR,PR,HW,North Coast,AGEID10
45282.8910266057,NR,FS,PP,San Joaquin,AGEID11
5372.34986151618,R,SLPub,PP,Sacramento,AGEID10
4805.64362462916,R,FS,HW,San Joaquin,AGEID6
31279.0090834964,NR,FS,PP,San Joaquin,AGEID8
19869.5625869485,NR,FS,OS,North Interior,AGEID12
51032.4361211467,NR,FS,OS,Sacramento,AGEID12
119444.299792521,R,FS,MC,San Joaquin,AGEID999
2868.87759326623,R,SLPub,HW,North Coast,AGEID999
7442.52543902702,NR,PR,RW,North Coast,AGEID17
3090.43259824189,NR,FS,MC,San Joaquin,AGEID4
22478.5078818192,NR,PR,PP,Sacramento,AGEID2
10281.3509555125,NR,PR,DF,North Coast,NOAGE
5652.93867130824,NR,FS,OS,Southern,AGEID999
6591.31695336712,R,SLPub,HW,North Coast,AGEID2
5962.59215001368,NR,FS,HW,Central Coast,AGEID10
8696.74608615003,NR,FS,OS,North Interior,AGEID3
17000.6469263587,NR,PR,PP,Sacramento,AGEID6
47034.724507711,NR,PR,OS,North Interior,AGEID7
26003.2293133041,R,SLPub,HW,North Coast,AGEID6
18603.2182742887,NR,PR,RW,North Coast,AGEID1
39153.2545549912,NR,PR,PP,North Interior,AGEID6
125693.775492993,NR,PR,DF,North Coast,AGEID5
4693.95532752282,NR,FS,HW,San Joaquin,AGEID4
21858.6445416835,NR,PR,OS,Sacramento,AGEID7
19205.0275393781,NR,FS,PP,San Joaquin,AGEID9
7640.53614737439,NR,PR,MC,Sacramento,AGEID16
3349.18470226771,NR,FS,RW,San Joaquin,AGEID2
23208.4193690806,NR,PR,OS,Sacramento,AGEID10
1623.52932766271,R,SLPub,PP,Sacramento,AGEID7
16187.0520357966,NR,FS,HW,North Coast,AGEID3
1585.13732057896,R,OF,OS,North Coast,AGEID5
8926.59689164197,R,FS,HW,Central Coast,AGEID1
9296.31572517781,NR,PR,HW,Sacramento,AGEID16
21353.9842922444,NR,FS,NS,Southern,AGEID0
8630.29540099252,NR,PR,OS,Sacramento,AGEID15
7049.09740803018,R,FS,DF,North Interior,AGEID999
5416.50054026557,R,OF,DF,North Coast,AGEID15
2345.95548438422,NR,SLPub,PP,Sacramento,AGEID8
92521.3993311232,NR,PR,MC,Sacramento,AGEID10
18148.0153831246,NR,PR,OS,Sacramento,AGEID16
2697.31871318891,R,SLPub,MC,Sacramento,AGEID999
8992.33230762977,R,OF,HW,North Coast,AGEID5
32268.4316712548,NR,PR,HW,Sacramento,AGEID10
26886.1747175813,R,FS,NS,San Joaquin,AGEID0
34516.2980904349,NR,PR,MC,Sacramento,AGEID15
41265.7262723795,NR,PR,RW,North Coast,AGEID2
11911.4597090821,R,FS,DF,North Coast,AGEID9
6632.99644509329,NR,FS,HW,Southern,AGEID18
3659.20966346694,R,FS,DF,North Coast,AGEID14
6284.11984831042,NR,PR,HW,San Joaquin,AGEID12
12129.7227981816,R,OF,OS,North Interior,AGEID12
7180.92774928755,NR,FS,HW,North Interior,NOAGE
55821.9414279342,NR,FS,MC,North Interior,AGEID5
13518.1563349545,NR,PR,MC,San Joaquin,AGEID12
17123.0353271309,R,FS,OS,San Joaquin,AGEID18
1388.01313190636,NR,FS,DF,North Interior,AGEID15
22981.6041482804,NR,PR,PP,Sacramento,AGEID1
86065.9555259107,NR,PR,RW,North Coast,AGEID6
14149.8288212295,R,FS,DF,North Coast,AGEID8
3704.014783659,NR,FS,MC,North Interior,NOAGE
5962.59215001368,R,FS,DF,North Coast,AGEID11
23975.4428511582,NR,FS,HW,North Interior,AGEID5
9958.86520743829,NR,FS,PP,San Joaquin,AGEID6
5284.93731425308,NR,SLPub,HW,Sacramento,AGEID10
2004.54693330107,NR,FS,OS,North Interior,AGEID5
7456.26560016751,R,FS,PP,Central Coast,AGEID15
27882.8937293356,NR,PR,PP,Sacramento,AGEID9
21620.3692787258,NR,PR,HW,Sacramento,AGEID4
41629.8003554522,NR,PR,PP,Sacramento,AGEID8
8622.82831914255,NR,OF,PP,North Interior,AGEID5
18014.4960065778,NR,PR,PP,Sacramento,AGEID11
20042.084035251,NR,FS,PP,San Joaquin,AGEID2
4525.15821866179,NR,PR,MC,Sacramento,AGEID4
16552.7886208019,R,FS,MC,San Joaquin,AGEID18
23314.7253576451,NR,FS,HW,North Interior,AGEID4
81931.224819706,NR,FS,PP,North Interior,AGEID9
45572.6738663576,R,FS,HW,North Interior,AGEID999
13508.3686808295,NR,PR,OS,Sacramento,AGEID5
10768.5015212236,NR,OF,OS,North Interior,AGEID8
6902.46546008264,NR,FS,DF,North Coast,AGEID3
8779.80317883668,NR,OF,OS,North Interior,AGEID9
211383.655549439,R,FS,MC,North Interior,AGEID999
6670.57956905032,R,FS,OS,San Joaquin,AGEID20
2372.43899143931,R,OF,MC,North Interior,AGEID7
34305.9831198466,NR,FS,MC,North Interior,AGEID4
5602.45158415286,NR,FS,DF,North Coast,AGEID12
61152.0761585454,NR,FS,PP,North Interior,AGEID11
77357.0328994548,NR,FS,PP,North Interior,AGEID8
12246.7436880876,NR,PR,MC,San Joaquin,AGEID7
80185.0377010263,NR,PR,HW,Sacramento,NOAGE
8725.2632195762,NR,OF,MC,North Interior,AGEID8
22158.9104690163,NR,PR,MC,Sacramento,AGEID5
7022.262750994,NR,FS,PP,North Interior,AGEID17
4742.37720974802,NR,OF,HW,North Interior,AGEID9
6694.5516324048,NR,PR,RW,Central Coast,AGEID6
6065.84324180247,R,OF,HW,North Coast,AGEID10
6933.67577502025,NR,OF,PP,North Interior,AGEID4
19595.8141504697,NR,PR,HW,Sacramento,AGEID5
3165.77207155793,R,SLPub,PP,San Joaquin,AGEID16
2836.80039701634,NR,OF,HW,North Interior,AGEID8
5740.68419783077,NR,PR,HW,Southern,AGEID9
4986.09779342909,R,OF,DF,North Coast,AGEID5
22563.5996430771,NR,PR,HW,San Joaquin,AGEID7
8906.51078556524,NR,FS,PP,North Interior,AGEID1
3347.32854078571,NR,FS,OS,North Interior,AGEID4
7180.92774928755,NR,FS,OS,Southern,AGEID20
34973.6565091936,R,FS,OS,North Interior,AGEID999
7442.52543902702,NR,PR,DF,Sacramento,AGEID15
4167.85534456651,NR,OF,MC,North Interior,AGEID9
16890.8706777826,NR,FS,OS,North Interior,AGEID16
20151.858234596,R,FS,HW,North Coast,AGEID8
5724.13063779273,R,FS,HW,North Coast,AGEID11
203902.132586614,NR,FS,MC,North Interior,AGEID10
6284.11984831042,R,OF,HW,Central Coast,NOAGE
15928.3942971873,NR,FS,HW,North Interior,AGEID15
5703.25695677516,NR,FS,OS,North Coast,AGEID7
5724.13063779273,R,FS,MC,North Coast,AGEID11
4117.35532461299,R,OF,MC,North Interior,AGEID13
6907.97339853336,R,FS,MC,North Coast,AGEID8
29791.7093787675,R,FS,OS,San Joaquin,AGEID19
4426.43353951723,NR,FS,DF,Southern,AGEID18
5962.59215001368,R,FS,HW,North Coast,AGEID9
40677.4136610024,NR,FS,HW,North Interior,AGEID10
68034.218129083,NR,FS,MC,North Interior,AGEID15
9042.24072741184,R,FS,OS,North Coast,AGEID1
2841.20945646432,NR,PR,MC,San Joaquin,AGEID13
11192.7237612028,R,FS,HW,North Coast,AGEID1
6894.16185252853,R,FS,OS,North Coast,AGEID14
67130.5586095949,NR,FS,OS,North Interior,AGEID10
4801.14171490239,R,SLPub,OS,San Joaquin,AGEID11
66892.4507522107,NR,FS,MC,North Interior,AGEID16
16214.3243754034,NR,FS,OS,North Interior,AGEID15
9090.8105162988,NR,FS,HW,North Coast,AGEID7
5806.80130992121,R,OF,OS,Central Coast,NOAGE
1496.27915626149,NR,PR,DF,Sacramento,AGEID4
8715.57473141721,NR,SLPub,HW,Sacramento,NOAGE
11047.4399334157,NR,FS,HW,North Interior,AGEID16
24154.4756804294,NR,FS,HW,Sacramento,AGEID999
2057.29774040896,R,FS,OS,San Joaquin,AGEID3
4690.23085757939,R,OF,PP,San Joaquin,AGEID12
35111.4192294186,NR,FS,MC,North Interior,AGEID6
68881.4491793024,NR,FS,HW,North Interior,AGEID2
24355.2385095341,NR,FS,HW,North Interior,AGEID6
5963.45019969454,NR,OF,MC,Sacramento,AGEID7
5962.59215001368,NR,FS,MC,Southern,AGEID12
26598.2743206249,NR,PR,DF,North Coast,AGEID1
156115.772555769,NR,FS,MC,Sacramento,AGEID999
11373.0856406259,NR,OF,HW,San Joaquin,NOAGE
34708.2610757586,NR,PR,RW,North Coast,AGEID5
41937.2086286398,R,FS,OS,San Joaquin,AGEID12
32731.7315500931,NR,FS,MC,North Interior,AGEID2
620.185167616222,NR,FS,NS,North Coast,AGEID0
29899.3077138766,NR,PR,PP,North Interior,AGEID3
5790.74442300456,R,SLPub,NS,Southern,AGEID0
41263.8227557951,NR,FS,OS,North Interior,AGEID6
8085.33593842586,NR,FS,PP,Sacramento,AGEID7
23173.690459952,NR,PR,DF,North Coast,AGEID9
10865.5134201216,R,FS,MC,San Joaquin,AGEID3
11051.4283502021,R,FS,HW,San Joaquin,AGEID12
5652.93867130824,NR,FS,PP,San Joaquin,AGEID5
18218.5527343012,NR,FS,OS,North Interior,AGEID2
50938.2120648565,NR,PR,DF,North Coast,AGEID8
5358.48579974165,NR,PR,DF,North Coast,AGEID11
50825.6006125172,NR,FS,OS,Sacramento,AGEID999
5004.89005182357,R,FS,OS,Sacramento,AGEID4
3603.43467900138,R,OF,OS,North Coast,AGEID2
9853.49900113096,NR,PR,HW,Central Coast,AGEID9
5514.48992014202,R,FS,HW,Sacramento,AGEID15
5652.93867130824,NR,FS,MC,North Coast,AGEID18
15331.1747652894,NR,PR,NS,San Joaquin,AGEID0
11160.9540062361,NR,PR,HW,Central Coast,AGEID8
7848.39181781891,R,FS,HW,Sacramento,AGEID10
5198.47525273205,NR,PR,HW,Central Coast,AGEID11
5416.50054026557,R,OF,HW,North Coast,AGEID6
5977.0921800826,NR,PR,RW,Central Coast,AGEID10
8110.25470205459,R,FS,MC,Sacramento,AGEID16
15351.3780333681,NR,FS,PP,Sacramento,AGEID13
7951.41213784605,R,SLPub,RW,Central Coast,AGEID999
5786.69185204677,R,FS,OS,Sacramento,AGEID15
7402.70097693363,NR,SLPub,DF,North Coast,AGEID9
9164.86815899421,R,SLPub,HW,Central Coast,AGEID13
6946.78118174964,R,FS,HW,Sacramento,AGEID16
6466.76187541382,R,FS,PP,Southern,AGEID10
14437.8114565999,NR,PR,PP,North Interior,AGEID13
37129.5381161013,R,FS,MC,San Joaquin,AGEID13
23934.9453464746,NR,FS,PP,San Joaquin,AGEID16
542.09516740706,NR,PR,OS,North Coast,AGEID9
4910.78156925955,NR,FS,OS,Southern,AGEID13
20940.2077296577,NR,PR,HW,North Coast,AGEID1
4171.68259216228,NR,PR,OS,North Coast,AGEID8
7442.52543902702,NR,PR,RW,North Coast,AGEID10
7013.51502412146,R,FS,HW,San Joaquin,AGEID13
30060.5390618305,R,SLPub,RW,North Coast,AGEID999
6670.57956905032,R,FS,PP,Southern,AGEID16
14766.3713652046,R,FS,OS,San Joaquin,AGEID13
96498.0113219379,NR,PR,HW,North Coast,AGEID8
38763.3550551397,NR,PR,HW,North Coast,AGEID11
11900.7251826824,NR,FS,PP,San Joaquin,AGEID10
1827.56766200063,NR,OF,OS,San Joaquin,AGEID15
48375.1930697743,NR,PR,HW,North Coast,AGEID9
5102.15898743947,R,OF,PP,San Joaquin,AGEID13
2543.48466333203,NR,FS,HW,Southern,AGEID13
7866.00513650765,NR,PR,HW,North Coast,AGEID14
7442.52543902702,R,SLPub,DF,North Coast,AGEID3
14808.5793118635,NR,FS,PP,San Joaquin,AGEID15
7402.70097693363,NR,SLPub,RW,North Coast,AGEID10
19830.1263352174,NR,PR,OS,Sacramento,AGEID6
69923.879996578,NR,PR,PP,North Interior,AGEID7
42934.2115585226,NR,PR,RW,North Coast,AGEID4
2987.08350049005,NR,FS,OS,San Joaquin,AGEID14
2868.87759326623,R,SLPub,HW,Central Coast,AGEID12
16762.2882886489,NR,FS,HW,San Joaquin,AGEID1
10715.4080129718,R,FS,MC,San Joaquin,AGEID7
1749.93465840041,R,FS,MC,Southern,AGEID9
27110.7903007455,NR,FS,OS,San Joaquin,AGEID9
28326.6774562571,NR,FS,PP,Sacramento,AGEID3
9400.5941586895,NR,FS,MC,San Joaquin,AGEID17
120452.108713974,R,OF,MC,San Joaquin,AGEID999
7985.99474729489,R,FS,HW,Sacramento,NOAGE
7402.70097693363,NR,SLPub,MC,San Joaquin,AGEID19
28572.9574587907,NR,FS,OS,San Joaquin,AGEID11
29023.9733497094,NR,FS,OS,San Joaquin,AGEID8
10015.9550341795,NR,PR,OS,North Interior,AGEID999
3794.85196517503,R,FS,MC,Southern,AGEID11
12962.6097070517,NR,FS,PP,Sacramento,AGEID12
9854.7592182035,R,OF,HW,San Joaquin,AGEID999
12084.0634451078,NR,FS,DF,North Coast,AGEID18
1563.13369211136,NR,FS,MC,San Joaquin,AGEID1
597.515617557282,NR,PR,OS,Sacramento,AGEID2
11624.3949298369,NR,FS,PP,Southern,AGEID999
100628.996499931,R,OF,OS,San Joaquin,AGEID999
5967.55753512635,NR,FS,OS,San Joaquin,AGEID17
54145.0049151092,NR,FS,MC,San Joaquin,AGEID9
42959.3277028227,NR,FS,MC,San Joaquin,AGEID14
14528.5590129358,NR,PR,HW,Sacramento,AGEID2
11129.8157692681,R,FS,OS,San Joaquin,AGEID7
98678.6711296328,NR,PR,MC,Sacramento,AGEID6
11174.523588001,NR,FS,HW,San Joaquin,AGEID11
19056.0794912633,NR,FS,HW,San Joaquin,AGEID8
12463.6056434696,NR,FS,PP,San Joaquin,AGEID4
12383.6145991328,NR,PR,MC,Sacramento,AGEID2
13192.6533224469,NR,FS,HW,San Joaquin,AGEID9
5724.13063779273,R,FS,PP,San Joaquin,AGEID999
21578.3909423902,NR,PR,MC,North Interior,AGEID999
34591.5841815898,NR,FS,MC,San Joaquin,AGEID8
42821.6150360144,NR,PR,HW,Sacramento,AGEID6
88060.039979882,NR,FS,MC,San Joaquin,AGEID11
25084.7068714022,R,FS,OS,San Joaquin,AGEID15
824.61305301341,NR,FS,DF,North Interior,AGEID18
29658.7594161106,NR,FS,MC,North Interior,AGEID19
9518.56040952009,NR,PR,PP,North Interior,AGEID16
5652.93867130824,NR,FS,HW,North Interior,AGEID19
2702.7257534234,NR,FS,HW,Southern,AGEID15
20276.3223337276,R,FS,OS,San Joaquin,AGEID10
1509.21862848459,R,OF,PP,San Joaquin,AGEID15
5962.59215001368,NR,FS,PP,San Joaquin,AGEID13
10611.2882846639,R,FS,MC,San Joaquin,AGEID16
5790.74442300456,R,SLPub,RW,North Coast,AGEID9
7402.70097693363,R,SLPub,DF,North Coast,AGEID5
5581.89407927026,NR,PR,RW,North Coast,AGEID13
7661.05575944369,NR,FS,OS,North Interior,AGEID19
12436.6805349342,NR,SLPub,MC,North Interior,AGEID9
15030.27388188,R,FS,HW,San Joaquin,AGEID10
39053.4017378434,NR,PR,NS,Sacramento,AGEID0
30080.1565240186,R,FS,MC,San Joaquin,AGEID15
30076.8102435661,R,FS,OS,San Joaquin,AGEID16
40592.4537633213,NR,PR,PP,North Interior,AGEID10
32737.4750814204,R,FS,MC,San Joaquin,AGEID10
62396.0352478599,NR,PR,MC,North Interior,AGEID1
5180.9981880434,NR,FS,PP,Southern,AGEID8
1241.099951909,R,FS,OS,San Joaquin,AGEID4
20475.0125251984,R,FS,MC,Southern,AGEID999
1923.52792684012,NR,OF,OS,San Joaquin,AGEID7
1857.9140630043,NR,PR,OS,North Interior,AGEID11
13195.3631940527,R,OF,MC,San Joaquin,AGEID14
92910.559970936,NR,FS,OS,San Joaquin,AGEID999
7760.94764859122,NR,FS,DF,North Coast,AGEID2
7116.37638704963,R,OF,OS,San Joaquin,AGEID17
28011.3290589335,NR,PR,OS,North Interior,AGEID8
7179.40647002029,R,OF,MC,San Joaquin,AGEID9
4931.01981107815,NR,PR,HW,North Interior,AGEID1
7442.52543902702,R,OF,MC,San Joaquin,AGEID11
1700.31977414027,NR,FS,DF,North Coast,AGEID6
24768.8354644073,NR,PR,OS,North Interior,AGEID9
31030.8505883332,NR,FS,PP,Sacramento,AGEID5
7408.54102165948,R,FS,PP,San Joaquin,AGEID17
18020.6152768542,NR,FS,PP,San Joaquin,AGEID7
5606.04130224937,R,OF,OS,San Joaquin,AGEID1
14322.232998714,R,FS,HW,Southern,AGEID999
8553.4562044261,R,SLPub,HW,Central Coast,NOAGE
178328.234915906,NR,PR,MC,North Interior,AGEID8
7179.40647002029,R,OF,OS,San Joaquin,AGEID9
2314.41301359538,NR,FS,OS,North Interior,AGEID20
11069.8011791513,NR,OF,HW,Sacramento,NOAGE
118647.402869751,NR,FS,MC,San Joaquin,AGEID999
17353.9210274617,R,OF,MC,San Joaquin,AGEID17
21104.1170048652,R,OF,OS,San Joaquin,AGEID14
36514.2668218996,NR,PR,MC,North Interior,AGEID11
6907.97339853336,R,FS,OS,Southern,AGEID999
9325.24147619173,R,SLPub,HW,North Coast,AGEID4
46887.0354866932,NR,PR,RW,North Coast,AGEID7
7442.52543902702,NR,PR,RW,Central Coast,AGEID12
16873.6708641617,NR,PR,PP,North Interior,AGEID4
10147.9560433601,NR,PR,OS,North Interior,AGEID1
5768.84517158559,NR,PR,HW,North Interior,AGEID14
9042.24072741184,R,FS,PP,San Joaquin,AGEID11
18677.978266347,NR,PR,HW,North Interior,AGEID9
4710.95907752048,R,OF,MC,San Joaquin,AGEID1
13544.8472770092,NR,PR,HW,North Interior,AGEID11
556.237413772496,R,FS,PP,San Joaquin,AGEID14
60037.8699697672,NR,PR,HW,North Interior,AGEID8
12654.7141798273,R,FS,PP,San Joaquin,AGEID9
12228.9955639103,NR,FS,HW,San Joaquin,AGEID999
150067.642952734,NR,PR,MC,North Interior,AGEID9
6933.67577502025,NR,PR,MC,North Interior,AGEID14
14694.3348700867,R,OF,OS,San Joaquin,AGEID11
49491.7202341204,NR,FS,HW,Sacramento,AGEID9
984.063325423283,R,SLPub,OS,North Coast,AGEID5
37967.1565434034,NR,PR,RW,North Coast,AGEID3
12034.5199366218,R,FS,OS,San Joaquin,NOAGE
38321.0874076488,NR,FS,PP,Sacramento,AGEID4
10153.0384955141,NR,FS,HW,Sacramento,AGEID14
6734.95884218018,NR,PR,MC,San Joaquin,AGEID2
175886.78483599,NR,FS,MC,Sacramento,AGEID11
11227.7451664966,NR,PR,HW,San Joaquin,AGEID6
210671.174728757,NR,FS,MC,Sacramento,AGEID8
45103.185794204,NR,FS,MC,North Interior,AGEID18
5200.25683126519,NR,PR,HW,San Joaquin,AGEID2
34378.1907684791,NR,FS,MC,Sacramento,AGEID14
11691.6881729191,NR,FS,HW,Southern,NOAGE
243230.422931861,NR,FS,MC,Sacramento,AGEID9
51443.7226476821,NR,FS,HW,Sacramento,AGEID8
17543.3495847767,NR,FS,HW,North Interior,AGEID18
21370.9771173093,NR,PR,MC,San Joaquin,AGEID6
18438.5111964545,NR,FS,HW,Sacramento,AGEID11
11925.1843000274,NR,FS,OS,North Interior,AGEID18
46787.6510359865,NR,FS,OS,Sacramento,AGEID8
9028.79003000889,NR,PR,PP,North Interior,NOAGE
41463.2021831475,NR,FS,OS,Sacramento,AGEID11
33936.0244229498,NR,FS,MC,Sacramento,AGEID1
6295.99056572798,NR,PR,DF,North Coast,AGEID999
8087.79098906996,NR,PR,OS,San Joaquin,AGEID2
5806.80130992121,R,SLPub,HW,North Coast,NOAGE
17041.5814682153,NR,FS,PP,San Joaquin,AGEID12
1396.81544850013,R,FS,HW,San Joaquin,AGEID5
2193.3086765912,R,OF,DF,North Coast,AGEID20
23430.414388229,NR,PR,PP,North Interior,AGEID5
19351.7253046513,NR,FS,MC,Sacramento,AGEID17
14583.2273977965,NR,FS,PP,San Joaquin,AGEID3
6428.58354636745,R,FS,HW,San Joaquin,NOAGE
16033.0056154681,R,SLPub,HW,North Coast,AGEID5
40725.0496536715,NR,FS,OS,Sacramento,AGEID9
23006.1653658984,NR,FS,OS,Sacramento,AGEID14
24857.9894359973,NR,FS,HW,Sacramento,AGEID1
5703.25695677516,R,FS,MC,Sacramento,AGEID7
6055.52147311849,R,SLPub,RW,Central Coast,AGEID17
114646.853394144,NR,FS,NS,North Interior,AGEID0
2426.48253725738,NR,PR,HW,Central Coast,AGEID999
2345.96954859292,NR,PR,OS,Sacramento,AGEID19
11459.8533291595,R,SLPub,HW,Central Coast,AGEID10
19719.4491129556,NR,PR,RW,Central Coast,AGEID13
15209.0793696461,NR,FS,HW,North Coast,AGEID2
9564.63624161654,NR,FS,MC,North Coast,AGEID6
55703.2698887677,NR,FS,PP,Sacramento,AGEID10
6917.08379284678,R,SLPub,HW,Central Coast,AGEID15
469.635262017682,R,SLPub,RW,Central Coast,AGEID9
8566.30566292048,R,SLPub,HW,Central Coast,AGEID16
5877.95924988922,R,SLPub,RW,Central Coast,AGEID8
4173.01037007438,NR,OF,MC,Sacramento,AGEID15
7501.87845301672,NR,OF,HW,Sacramento,AGEID10
1658.24911127332,NR,FS,PP,Sacramento,AGEID16
6591.31695336712,NR,OF,PP,North Interior,AGEID7
5724.13063779273,NR,FS,HW,North Coast,AGEID10
7391.19948218613,NR,PR,PP,San Joaquin,AGEID11
8926.59689164197,R,FS,HW,North Interior,AGEID14
14381.8903523118,NR,PR,PP,San Joaquin,AGEID8
17625.967731896,R,FS,HW,North Interior,AGEID9
12579.6398241733,NR,FS,PP,North Interior,AGEID999
48388.4309500882,R,FS,MC,North Interior,AGEID8
22683.6078974704,R,OF,RW,North Coast,AGEID999
37373.7003098999,NR,FS,PP,Sacramento,AGEID2
125.548522199385,NR,PR,MC,San Joaquin,AGEID4
16375.7758212207,R,FS,MC,North Interior,AGEID11
42859.6742874682,R,FS,MC,North Interior,AGEID9
18271.676968348,NR,FS,MC,North Coast,AGEID10
2127.93870162709,NR,FS,PP,Sacramento,AGEID6
50164.7879384589,NR,FS,OS,North Interior,AGEID7
5508.22344132275,NR,FS,HW,North Coast,AGEID15
8413.31015768789,R,FS,MC,North Interior,AGEID14
4944.81390168955,NR,PR,PP,San Joaquin,AGEID14
6984.07724250065,NR,FS,DF,North Coast,AGEID5
5963.45019969454,NR,PR,HW,San Joaquin,AGEID4
5406.21936386149,NR,PR,PP,San Joaquin,AGEID9
7788.74354346776,R,FS,HW,North Interior,AGEID8
16987.4764747491,R,FS,OS,North Interior,AGEID11
10738.6415216773,NR,PR,RW,Central Coast,AGEID18
3248.98946999954,NR,PR,PP,San Joaquin,AGEID1
12568.2396966208,R,OF,DF,North Coast,AGEID3
6949.68641199598,NR,PR,HW,Sacramento,AGEID3
33592.1231925912,R,FS,OS,North Interior,AGEID8
30999.0421509552,NR,PR,MC,Sacramento,AGEID12
6670.57956905032,R,FS,HW,North Interior,AGEID17
5547.7404547652,NR,OF,HW,North Interior,AGEID999
18438.496186442,NR,FS,HW,North Interior,AGEID7
14169.7251680448,NR,PR,MC,Sacramento,AGEID3
14885.050878054,NR,PR,HW,Sacramento,AGEID12
5963.45019969454,R,OF,DF,Central Coast,AGEID7
93669.8555594303,NR,FS,MC,North Interior,AGEID7
3350.97678830769,NR,OF,HW,Sacramento,AGEID6
16075.5475713694,R,FS,HW,North Interior,AGEID1
15745.8294739275,R,FS,OS,North Interior,AGEID14
752.406137151127,NR,FS,OS,North Coast,AGEID10
12269.8254682599,R,FS,OS,North Interior,AGEID9
11217.7468769172,R,FS,MC,North Interior,AGEID17
392.866242032839,NR,OF,PP,North Interior,AGEID13
8040.33287285801,R,OF,MC,North Interior,AGEID16
21299.9135875793,NR,PR,MC,San Joaquin,AGEID15
9042.24072741184,R,FS,NS,Sacramento,AGEID0
6967.20431350916,NR,PR,HW,San Joaquin,AGEID10
5180.98004890002,R,FS,PP,Southern,AGEID19
6923.53063681803,R,OF,OS,North Interior,AGEID10
5703.25695677516,R,FS,MC,North Coast,AGEID999
45647.4205664884,NR,PR,MC,San Joaquin,AGEID10
24310.4264699589,NR,FS,OS,North Interior,AGEID13
10685.1113095384,R,FS,HW,North Coast,AGEID999
6440.75432554293,NR,PR,DF,Sacramento,AGEID7
5963.45019969454,R,OF,HW,North Coast,AGEID7
5147.71869625927,R,FS,PP,North Interior,AGEID10
